Id,Category
126477,10
192925,5
107662,4
183557,5
155193,8
165562,11
189340,4
111393,12
159221,3
135147,1
174139,18
135616,19
163178,19
182468,5
179258,17
121725,14
116290,14
196376,9
100196,3
138829,14
113301,13
191720,8
136147,12
151434,5
117030,13
178463,16
180990,6
125624,13
145905,13
187969,0
190604,7
155075,7
174018,15
140834,8
198908,15
148588,12
154611,2
192225,19
169714,8
176161,4
106933,7
157466,6
163560,14
122409,0
122743,10
121486,19
118022,4
145197,12
171036,3
175940,4
105920,4
114113,11
194314,9
156348,1
194294,9
139493,8
177419,17
100587,4
110030,15
134504,18
164305,16
122602,0
114878,13
105924,19
128399,6
184883,19
190819,5
148565,6
141273,17
145660,13
115855,3
102732,12
145518,2
108717,16
179043,1
142207,7
199042,2
153940,14
118583,12
138038,2
102745,10
166880,2
113138,14
121122,12
129572,14
168493,19
177421,11
163303,6
120488,0
177796,18
155132,1
108732,2
172741,1
117179,5
141242,16
137070,6
161422,0
104511,16
122314,12
168983,1
174128,0
133313,9
170684,6
187846,18
132157,1
197958,7
152134,10
142107,3
103206,6
105218,16
101681,13
135710,13
187887,19
118773,14
176918,19
134337,7
147498,10
177205,2
164167,11
123473,12
171531,13
100433,8
186561,3
193392,3
101535,7
152946,18
199811,15
155610,17
134724,15
123033,12
132584,10
164640,17
160492,19
157285,2
108762,10
191496,14
134397,17
138644,0
154341,10
163999,11
109835,7
132128,6
121658,5
110712,12
196312,10
134219,14
108738,11
112359,5
166537,2
189272,15
161399,8
125268,1
157128,18
109472,1
118849,1
174479,12
172694,6
111429,11
116517,15
102530,8
145629,18
193683,13
123356,7
155754,13
131842,17
151148,0
169457,10
192789,9
159112,14
195024,5
172839,2
172489,7
188449,16
139185,7
194308,5
194446,17
117549,1
136164,17
147856,5
165883,9
165791,5
190867,14
158574,16
131903,16
151906,12
129689,1
106431,12
165378,17
126574,10
163857,0
183631,2
148205,3
143381,9
128092,2
115154,0
106102,10
162808,11
197859,17
159762,12
171181,3
180687,6
117637,3
198246,0
137024,14
194362,6
147395,5
181615,18
193120,11
144266,10
186075,7
179294,5
175925,0
151012,2
104748,9
113444,9
116496,13
172513,1
160105,18
108808,12
155120,10
198744,7
108955,0
107209,6
164421,5
176448,0
126203,10
122176,5
106304,11
117510,8
119699,12
102307,4
169057,16
168825,11
188397,9
141640,15
199686,17
158364,2
155940,16
123363,16
117999,13
198132,6
162756,8
109885,1
173767,4
158820,19
175184,10
148114,17
159781,2
116598,18
105749,6
163688,3
113880,7
197982,4
107741,11
163094,5
127951,4
190154,8
165030,13
118652,3
118233,18
123277,5
189730,16
164933,3
189010,18
115032,12
158984,6
182610,14
118061,1
198590,14
110430,8
183337,1
171329,2
198022,0
111901,13
122492,7
155048,5
118816,0
139474,13
104190,7
113688,1
190071,12
169330,9
176013,7
146734,9
101778,10
120679,10
150098,8
125167,14
189588,9
119330,19
105302,16
183063,14
177091,11
121295,11
155973,7
198616,11
177371,13
188097,11
174661,0
121159,17
105260,8
187278,16
178395,8
191813,2
183334,19
144256,17
160887,0
185673,0
126087,18
120243,10
157736,17
150412,18
172151,17
157573,4
154794,18
103306,3
147166,17
161725,16
193296,17
133022,2
100908,7
130157,16
119736,6
101314,15
126159,5
128405,2
163233,5
111205,16
157506,7
160544,19
157215,15
131277,5
114526,4
126836,13
183191,11
123528,8
118034,15
122105,11
133361,1
123600,0
142486,12
161632,18
163274,7
140678,11
168863,14
185391,3
100792,19
142559,6
100500,5
108418,4
106442,16
117668,5
149169,3
102750,17
129414,4
144282,11
177917,6
154725,3
164300,19
175840,9
173089,13
143312,19
127910,11
136571,10
122199,14
161259,8
113108,4
161651,2
142676,18
130470,6
153030,12
178319,1
153693,10
152682,10
109518,3
113403,10
159600,5
164557,11
143780,8
112763,12
181764,4
149939,6
120369,17
193503,7
135942,7
101456,5
187294,0
163543,4
133572,17
145802,5
109688,3
115094,3
122731,17
122772,2
188350,15
104673,12
181611,8
144479,5
116155,7
136822,11
122398,8
104345,1
165924,0
194998,13
185066,3
169739,1
138851,6
133630,13
106715,9
149745,7
183940,14
161402,11
136988,13
102355,3
135356,3
171321,10
131110,9
111349,1
130236,5
152390,18
105678,8
185565,9
189367,16
172575,1
168874,14
127136,18
135261,13
180195,15
195152,0
177430,2
163546,17
120741,8
124597,11
190289,0
129786,8
189506,10
101806,13
133738,9
135784,15
155668,7
101297,16
101667,13
121264,15
117194,15
185437,18
121655,9
162350,17
133941,8
189279,2
155122,16
110088,18
125303,7
150275,15
111955,7
151348,4
195238,2
136364,7
176474,19
179736,11
108060,5
120970,17
109968,6
116445,0
157715,15
110272,2
126573,5
116109,9
161691,13
195644,18
119443,17
199620,4
187926,3
118679,17
190651,5
142305,19
196834,18
105156,19
188743,11
106752,1
108510,3
156509,14
163489,6
187506,6
117392,19
148302,0
191605,9
160408,10
150386,3
172424,16
136713,11
183242,4
182722,18
168633,4
105310,17
157904,14
198932,15
119985,7
190596,0
141418,1
161162,8
124572,11
183050,11
154488,11
167412,4
166516,3
170943,15
127798,15
100985,17
167430,4
179899,10
160616,0
116254,7
131478,13
188489,3
192732,2
131113,13
181437,0
185023,12
114906,19
152345,10
105201,17
141931,19
117372,19
175075,15
145212,9
164285,4
137093,8
101295,3
112605,17
123746,11
114223,3
164626,15
103546,14
149381,8
152410,17
196113,7
126333,7
125083,4
137799,16
150509,0
145884,12
194670,9
120040,14
134587,16
175278,5
108421,3
129016,19
129851,9
184527,18
168447,9
185176,5
133968,2
121214,12
172884,11
169056,8
165967,11
170367,18
110908,4
146503,12
167283,15
129295,10
176860,4
196068,7
176010,18
148216,15
167524,15
106181,12
103590,0
126484,6
149715,9
182459,19
156666,7
184068,11
160401,13
193020,4
181326,11
132641,6
178984,12
138838,7
161430,14
182332,16
163941,17
173790,9
109907,9
194388,6
140624,7
193012,1
162056,12
193675,4
171193,2
191072,13
188653,0
152586,10
197839,2
119383,12
143703,11
166347,7
192128,5
112079,19
195547,3
137226,2
175079,2
119845,1
165729,16
192288,17
120813,6
178375,8
116585,5
156093,6
108204,15
137462,0
174845,6
181204,12
156985,8
163348,5
192226,8
111597,4
176129,13
182279,5
146908,8
109514,6
176061,3
175393,0
183524,14
139263,6
145659,0
155057,15
152643,4
123126,7
113601,18
180578,11
150920,11
122469,0
139862,4
145941,11
174312,10
143725,12
176183,12
193837,3
125884,9
198631,17
100334,6
154313,10
123524,19
111836,14
122683,10
129101,16
196745,19
192520,0
183380,10
191172,13
192102,9
193014,7
118665,14
170778,10
187550,19
120853,1
163132,11
190623,12
188661,13
183534,14
191060,19
110749,14
186098,17
173538,0
177250,5
151911,3
130738,1
151375,13
169287,4
113446,0
199424,16
132567,1
105611,2
197239,4
153625,5
193957,3
170369,12
199348,7
170729,19
173057,3
180188,16
168998,1
100837,5
135668,5
141679,19
171012,18
108864,7
101649,14
168253,12
136617,5
101182,0
165853,6
172710,10
144372,7
128274,12
157645,1
136016,15
182198,5
118638,2
172667,8
189123,9
142120,4
190969,4
150576,9
175560,4
119786,5
139047,10
192777,6
166268,4
127724,9
136434,16
125717,8
176608,9
183391,8
195855,17
139488,19
181588,2
164793,1
128301,18
115283,9
136791,3
117854,1
127336,14
196402,3
107388,4
130375,5
192483,1
177765,1
188826,16
143600,8
164938,8
163421,12
190660,13
187945,14
112898,12
145657,10
193334,1
166354,8
110119,7
145187,19
174751,11
196634,7
144439,1
140461,14
169606,10
172519,0
132705,15
164961,5
182850,14
122336,11
123350,2
128837,6
115431,4
141149,8
132782,7
129970,2
125443,8
176721,12
130227,8
154226,16
121845,11
115116,18
160223,10
143754,0
194897,11
129582,8
125480,4
120826,18
108798,7
166745,2
149985,9
156978,0
113167,15
135617,13
175763,16
198549,13
138422,10
190094,11
127633,7
125380,7
195289,6
131910,2
103033,18
117942,8
136474,1
105985,11
150300,1
184469,18
154822,1
184392,17
118928,0
124423,5
183143,11
111430,6
127909,12
173876,5
129265,12
115789,0
115377,0
102658,3
140699,18
122834,1
113801,10
151649,4
160609,10
161280,19
139786,2
108905,0
137684,12
135615,8
185788,16
147160,1
157983,13
132082,12
165824,7
197459,2
119573,9
141521,13
158154,5
137971,3
107709,13
166898,5
162711,19
133658,1
162139,14
145210,15
106078,3
153799,16
148119,8
149150,8
195928,8
191409,7
127048,5
182474,12
163381,5
128936,1
193581,7
132726,5
117288,14
106945,3
141142,16
180037,4
188188,17
120917,13
179511,5
184881,6
114340,12
183355,8
101004,2
116614,3
126869,13
191494,4
161716,14
143741,4
136005,18
168662,1
128769,0
110098,3
184066,8
113177,5
149286,18
126092,2
160103,16
187520,17
191819,11
185443,9
142071,15
159372,2
142583,5
108126,18
143392,4
133874,12
129686,4
114316,12
199462,15
107809,6
197789,9
129518,11
142884,17
149374,4
103487,16
194854,14
155638,13
119348,18
143071,1
192787,2
143807,13
125963,10
175052,8
172387,12
177051,8
114169,7
196094,3
166335,7
128113,3
165675,3
114330,12
149516,15
139019,13
178325,13
172913,6
124610,11
127807,0
161887,6
169415,4
125349,16
150810,7
117568,18
172394,7
190148,6
158109,1
169790,19
189203,6
179968,17
192724,12
112944,10
171845,3
157979,12
103048,1
181680,14
123978,3
168450,7
103380,16
177062,1
122571,1
130292,7
108821,10
101919,6
177875,4
102222,15
165859,2
194641,6
123274,10
147456,1
162207,2
154068,1
155660,15
133791,5
156684,12
198262,5
106328,18
151247,16
156959,16
165012,3
152277,7
179767,9
141993,9
121220,6
118860,11
121863,19
169945,1
177454,2
145779,3
145509,7
185372,8
101926,14
198558,6
186811,10
198124,0
173889,18
198671,18
103622,0
158026,0
116895,4
119115,17
130556,7
104253,12
162538,1
179789,18
124248,16
102630,11
131470,3
140767,1
108494,18
199066,18
106452,4
125779,1
177649,15
149876,1
163163,8
120743,6
170387,12
140798,15
186950,18
166496,11
121172,14
190432,11
170741,18
153044,12
189136,0
174076,19
115425,0
169884,1
192561,5
137649,17
193546,4
188107,16
150133,6
161946,3
179778,5
159237,5
106777,9
159939,18
130617,8
107147,11
114922,4
186239,19
124889,3
102314,14
146394,5
115107,7
105461,13
125670,5
161077,11
152605,19
138574,12
188973,9
170593,0
117069,9
101514,13
196162,7
153935,6
126773,12
108990,8
101591,14
181805,12
120042,1
184896,12
168012,5
197344,4
198739,6
155042,8
147838,1
193863,5
126081,14
186223,11
163962,1
173149,17
156069,7
158650,12
143504,1
192718,14
115807,7
179255,9
188377,9
138818,5
192110,6
104640,2
139372,2
115197,16
180723,14
172805,12
176383,13
192801,18
104775,0
134058,19
143143,19
150020,5
113438,7
160147,2
156796,15
161178,14
140306,3
122732,7
196317,11
179169,17
161808,14
108123,7
178376,17
175884,0
184402,6
190921,0
195656,4
184275,8
115631,7
165517,7
158711,7
133692,2
180134,17
153383,1
108270,4
118006,4
143287,0
106251,18
123857,6
103241,0
141918,17
138785,1
127149,4
154192,12
111985,10
114731,14
163760,1
120842,7
129132,5
173087,0
121196,9
156389,16
170471,15
114249,13
165896,8
160951,18
126609,17
106314,11
125575,13
122895,7
144843,6
141185,3
104290,12
139907,16
142528,19
112709,3
124592,9
193699,3
181385,14
125649,9
141731,14
177182,17
177940,1
138955,7
153946,3
142531,3
117662,19
131443,8
169469,17
133829,15
163283,15
112489,10
106905,12
141245,19
116957,2
114531,13
150397,8
121786,19
176193,3
181208,6
135021,18
135573,16
172878,11
178923,3
193022,17
183301,3
194162,12
176831,8
163477,12
144929,16
112780,19
191888,19
189932,19
103493,9
158775,13
147061,13
194097,6
115083,12
151429,4
116699,12
107497,0
187875,9
175062,1
171813,2
104061,14
151464,2
191064,12
136433,0
194149,11
180855,6
114168,14
104401,10
114126,8
139968,18
138275,4
184960,11
127640,3
186428,17
198729,8
127233,4
157670,5
164006,4
143628,8
175677,18
148010,1
113739,18
167277,4
134021,1
182032,19
171926,3
191105,16
150125,19
192818,2
132458,16
114044,2
183936,8
175554,11
120820,6
129900,9
182567,7
119739,1
140824,13
142636,9
175858,1
165412,1
168252,13
154187,5
174971,13
102679,14
135738,5
112368,8
113106,6
192706,18
100712,4
119009,12
117362,12
159700,17
186537,5
110383,15
128712,2
174675,18
144387,7
101683,11
115510,18
157265,12
120343,17
106865,5
188919,15
199009,13
163595,7
181978,6
142158,3
166553,15
144874,19
112225,18
141809,11
154124,19
109090,7
100869,7
113440,14
135075,11
170121,1
120080,7
124556,11
101041,18
156066,8
157475,18
124566,16
154332,10
193065,4
122919,2
179969,5
167373,1
186143,17
158595,5
181704,3
181658,18
155741,6
162848,16
162733,19
170240,2
102429,14
146846,18
121528,17
145381,17
122136,7
187160,1
102455,8
138568,8
172291,16
117275,17
153238,14
114980,17
121462,5
157317,16
124401,8
102768,9
154053,10
187419,3
186557,11
184156,16
140204,4
182738,4
104163,4
192794,4
158552,15
123509,13
154047,9
171722,8
139600,8
195576,11
194807,0
155089,2
157079,13
120575,4
131900,12
189072,9
124937,9
106156,7
189982,0
156780,3
152181,11
130451,1
115889,15
107056,13
133669,0
196387,13
121255,0
148218,8
140367,19
192396,18
130596,10
189004,17
189467,19
112236,6
116472,16
187447,2
150968,0
110124,8
136552,16
141538,6
193231,8
157094,3
196620,19
144142,12
146772,14
114366,3
125990,1
193779,19
159247,17
196533,3
146207,16
149092,11
182054,0
110223,12
181458,12
121328,0
159320,2
183047,11
106206,5
150390,5
155821,3
157053,17
163970,9
120776,12
195504,5
111664,19
181191,14
117340,3
180817,1
174494,14
180634,13
159305,1
128148,5
136499,7
172995,11
132067,18
199420,12
182283,6
183317,0
108137,17
179957,15
193818,4
116787,12
164661,2
187646,11
111751,13
174452,14
173273,6
180838,6
194649,17
104898,3
106103,6
101269,16
106814,6
175253,14
167361,10
135256,7
131816,16
137887,4
106260,16
198897,4
151947,17
139819,17
117409,3
100535,13
197470,11
146955,1
103938,10
191328,19
111461,2
129755,7
120545,6
184557,15
141477,15
109697,6
170115,8
171318,8
122572,4
110766,10
157293,7
187244,6
159605,17
138982,11
110405,19
114201,8
188775,8
166028,11
114675,6
147383,11
153732,5
179391,11
134928,19
120789,18
110695,13
159506,6
149916,17
165166,14
174720,12
132060,16
122962,12
124967,8
103025,0
144598,13
165857,3
175635,14
129455,15
109074,13
144506,7
105683,11
154621,0
105161,9
119986,13
144166,15
179347,19
101561,15
150743,8
186234,14
113061,5
186163,9
154477,7
181276,16
124950,7
164301,11
107188,2
129737,19
187328,5
190927,2
112347,8
109031,0
175127,17
160817,6
105017,3
184051,18
172764,17
199157,2
154804,2
123630,15
151361,13
122356,8
114711,17
190967,7
133924,7
121921,18
180244,14
109706,13
186341,14
121779,8
120345,9
159161,6
197805,0
160667,17
176234,7
134316,9
177760,9
140398,1
128789,13
113310,0
186390,2
108194,10
194035,14
121374,3
178425,9
127601,10
114332,16
173957,18
144649,4
156426,9
152300,9
194829,11
143879,6
133772,5
175535,19
121838,15
148046,16
155756,13
160662,12
161432,13
195584,4
160569,17
194852,6
162122,17
194178,12
142584,1
120090,2
178434,8
128532,11
173229,10
105334,6
127247,13
116759,4
146993,5
146898,11
159958,5
181729,18
104974,19
188559,14
106394,8
192948,16
107696,14
131958,10
181742,8
158499,14
171523,1
139481,4
180172,9
181596,10
113729,1
148126,15
180592,0
119937,8
176643,14
115649,6
109717,10
111960,16
151627,12
180986,4
139849,12
145546,12
173691,2
177396,11
159454,14
139657,18
136271,3
141506,2
184928,0
151683,12
106252,13
131801,1
137936,16
148568,19
170170,16
148677,14
129704,0
122548,18
175676,4
112927,15
185851,12
179636,0
158451,8
100011,2
172563,9
116930,11
132972,0
175726,5
112845,11
198163,12
105114,1
174046,17
170838,10
170901,3
133951,19
136716,13
119827,8
192968,15
117892,17
193266,11
172426,19
128189,4
197541,17
188828,13
134921,17
112574,11
176659,13
154203,14
148418,19
156385,14
197249,6
163668,12
182704,13
129613,18
123328,6
157282,7
127758,2
122049,0
111274,1
165512,19
164226,17
192169,2
163392,18
102080,11
138635,12
191085,8
188164,1
166765,13
129267,13
184490,5
143948,10
166109,9
158008,13
162557,5
154455,17
109331,3
120333,3
124147,16
142706,0
142117,3
123145,2
141857,16
144980,4
139619,5
112527,4
108372,2
102790,13
188360,5
155965,7
187882,1
173111,3
164962,11
151147,10
125232,19
166742,15
118878,0
108868,5
124533,17
102494,16
176631,16
137554,13
126488,0
137419,14
136241,13
130730,12
193223,18
176041,7
126262,18
151805,9
199974,6
116433,7
153613,7
177736,18
141656,12
167151,13
161580,4
130009,17
151735,12
133661,0
154793,12
159613,4
174374,4
155518,15
178628,16
108414,2
177884,2
134167,10
195562,3
160231,12
160174,4
138261,16
169644,16
119864,14
